{
  "dashboards": [
    {
      "id": 1,
      "username": "Nathan",
      "dashboard": [
        {
          "cols": 5,
          "rows": 5,
          "y": 0,
          "x": 0,
          "name": "Line Chart",
          "component": "Line Chart"
        },
        {
          "cols": 5,
          "rows": 5,
          "x": 5,
          "y": 0,
          "name": "Doughnut Chart",
          "component": "Doughnut Chart"
        }
      ]
    },
    {
      "id": 2,
      "username": "John",
      "dashboard": [
        {
          "cols": 5,
          "rows": 5,
          "x": 0,
          "y": 5,
          "name": "Doughnut Chart",
          "component": "Doughnut Chart"
        },
        {
          "cols": 5,
          "rows": 5,
          "x": 5,
          "y": 0,
          "name": "Line Chart",
          "component": "Line Chart"
        },
        {
          "cols": 5,
          "rows": 5,
          "x": 0,
          "y": 0,
          "name": "Radar Chart",
          "component": "Radar Chart"
        },
        {
          "cols": 5,
          "rows": 5,
          "x": 5,
          "y": 5,
          "name": "Line Chart",
          "component": "Line Chart"
        }
      ]
    }
  ],
  "widgets": [
    {
      "name": "Radar Chart",
      "identifier": "radar_chart"
    },
    {
      "name": "Doughnut Chart",
      "identifier": "doughnut_chart"
    },
    {
      "name": "Line Chart",
      "identifier": "line_chart"
    }
  ]
}